experiment,status,current_stage,start_time,end_time,run_dir,error
00,complete,misc-reportmanufacturability,2026-07-30T11:45:06-07:00,2026-07-30T11:51:57-07:00,openlane/reruns/full_metrics/exp00/RERUN_FULL_EXP00,
01,complete,misc-reportmanufacturability,2026-07-30T10:09:46-07:00,2026-07-30T10:19:50-07:00,openlane/reruns/full_metrics/exp01/RERUN_FULL_EXP01,
02,complete,misc-reportmanufacturability,2026-07-30T10:19:50-07:00,2026-07-30T10:29:57-07:00,openlane/reruns/full_metrics/exp02/RERUN_FULL_EXP02,
03,complete,misc-reportmanufacturability,2026-07-30T10:29:57-07:00,2026-07-30T10:39:51-07:00,openlane/reruns/full_metrics/exp03/RERUN_FULL_EXP03,
04,complete,misc-reportmanufacturability,2026-07-30T10:39:52-07:00,2026-07-30T10:49:32-07:00,openlane/reruns/full_metrics/exp04/RERUN_FULL_EXP04,
05,complete,misc-reportmanufacturability,2026-07-30T11:51:57-07:00,2026-07-30T12:02:30-07:00,openlane/reruns/full_metrics/exp05/RERUN_FULL_EXP05,
06,complete,misc-reportmanufacturability,2026-07-30T12:02:30-07:00,2026-07-30T12:13:15-07:00,openlane/reruns/full_metrics/exp06/RERUN_FULL_EXP06,
07,complete,misc-reportmanufacturability,2026-07-30T12:13:15-07:00,2026-07-30T12:23:35-07:00,openlane/reruns/full_metrics/exp07/RERUN_FULL_EXP07,
08,complete,misc-reportmanufacturability,2026-07-30T12:23:35-07:00,2026-07-30T12:35:51-07:00,openlane/reruns/full_metrics/exp08/RERUN_FULL_EXP08,
09,complete,misc-reportmanufacturability,2026-07-30T12:35:51-07:00,2026-07-30T12:45:31-07:00,openlane/reruns/full_metrics/exp09/RERUN_FULL_EXP09,
10,complete,misc-reportmanufacturability,2026-07-30T09:58:59-07:00,2026-07-30T10:08:59-07:00,openlane/reruns/full_metrics/exp10/RERUN_FULL_EXP10,
11,complete,misc-reportmanufacturability,2026-07-30T12:45:31-07:00,2026-07-30T12:56:14-07:00,openlane/reruns/full_metrics/exp11/RERUN_FULL_EXP11,
12,complete,misc-reportmanufacturability,2026-07-30T12:56:15-07:00,2026-07-30T13:06:27-07:00,openlane/reruns/full_metrics/exp12/RERUN_FULL_EXP12,
13,complete,misc-reportmanufacturability,2026-07-30T10:49:32-07:00,2026-07-30T11:00:02-07:00,openlane/reruns/full_metrics/exp13/RERUN_FULL_EXP13,
14,complete,misc-reportmanufacturability,2026-07-30T11:00:02-07:00,2026-07-30T11:11:30-07:00,openlane/reruns/full_metrics/exp14/RERUN_FULL_EXP14,
15,complete,misc-reportmanufacturability,2026-07-30T11:11:31-07:00,2026-07-30T11:22:50-07:00,openlane/reruns/full_metrics/exp15/RERUN_FULL_EXP15,
16,complete,misc-reportmanufacturability,2026-07-30T11:22:50-07:00,2026-07-30T11:33:22-07:00,openlane/reruns/full_metrics/exp16/RERUN_FULL_EXP16,
17,complete,misc-reportmanufacturability,2026-07-30T11:33:22-07:00,2026-07-30T11:44:30-07:00,openlane/reruns/full_metrics/exp17/RERUN_FULL_EXP17,
18,complete,misc-reportmanufacturability,2026-07-30T13:06:27-07:00,2026-07-30T13:17:44-07:00,openlane/reruns/full_metrics/exp18/RERUN_FULL_EXP18,
19,complete,misc-reportmanufacturability,2026-07-30T13:17:44-07:00,2026-07-30T13:28:54-07:00,openlane/reruns/full_metrics/exp19/RERUN_FULL_EXP19,
20,complete,misc-reportmanufacturability,2026-07-30T13:28:54-07:00,2026-07-30T13:39:41-07:00,openlane/reruns/full_metrics/exp20/RERUN_FULL_EXP20,
